,Name,NetWorth,Country,Source,Rank,Industry
0,Jeff Bezos,$177 B,United States,Amazon,1,Technology
1,Elon Musk,$151 B,United States,"Tesla, SpaceX",2,Automotive
2,Bill Gates,$124 B,United States,Microsoft,4,Technology
3,Mark Zuckerberg,$97 B,United States,Facebook,5,Technology
4,Warren Buffett,$96 B,United States,Berkshire Hathaway,6,Finance & Investments
5,Larry Ellison,$93 B,United States,software,7,Technology
6,Larry Page,$91.5 B,United States,Google,8,Technology
7,Sergey Brin,$89 B,United States,Google,9,Technology
8,Steve Ballmer,$68.7 B,United States,Microsoft,14,Technology
9,Alice Walton,$61.8 B,United States,Walmart,17,Fashion & Retail
10,Jim Walton,$60.2 B,United States,Walmart,18,Fashion & Retail
11,Rob Walton,$59.5 B,United States,Walmart,19,Fashion & Retail
12,Michael Bloomberg,$59 B,United States,Bloomberg LP,20,Media & Entertainment
13,MacKenzie Scott,$53 B,United States,Amazon,22,Technology
14,Daniel Gilbert,$51.9 B,United States,Quicken Loans,23,Finance & Investments
15,Phil Knight & family,$49.9 B,United States,Nike,25,Fashion & Retail
16,Charles Koch,$46.4 B,United States,Koch Industries,27,Diversified
17,Julia Koch & family,$46.4 B,United States,Koch Industries,27,Diversified
18,Michael Dell,$45.1 B,United States,Dell computers,30,Technology
19,Miriam Adelson,$38.2 B,United States,casinos,36,Gambling & Casinos
20,Len Blavatnik,$32 B,United States,"music, chemicals",46,Diversified
21,Jacqueline Mars,$31.3 B,United States,"candy, pet food",48,Food & Beverage
22,John Mars,$31.3 B,United States,"candy, pet food",48,Food & Beverage
23,Leonard Lauder,$25.5 B,United States,Estee Lauder,64,Fashion & Retail
24,Thomas Peterffy,$25 B,United States,discount brokerage,65,Finance & Investments
25,Jim Simons,$24.6 B,United States,hedge funds,68,Finance & Investments
26,Rupert Murdoch & family,$23.5 B,United States,"newspapers, TV network",71,Media & Entertainment
27,Stephen Schwarzman,$21.9 B,United States,investments,79,Finance & Investments
28,Pierre Omidyar,$21.4 B,United States,"eBay, PayPal",83,Technology
29,Abigail Johnson,$20.9 B,United States,money management,85,Finance & Investments
30,Ray Dalio,$20.3 B,United States,hedge funds,88,Finance & Investments
31,Laurene Powell Jobs & family,$19 B,United States,"Apple, Disney",95,Technology
32,Eric Schmidt,$18.9 B,United States,Google,96,Technology
33,Robert Pera,$18.3 B,United States,wireless networking gear,100,Technology
34,Dustin Moskovitz,$17.8 B,United States,Facebook,107,Technology
35,Donald Newhouse,$17.6 B,United States,media,109,Media & Entertainment
36,Steve Cohen,$16 B,United States,hedge funds,119,Finance & Investments
37,Ken Griffin,$16 B,United States,hedge funds,119,Finance & Investments
38,"Ernest Garcia, II.",$15.9 B,United States,used cars,121,Automotive
39,Carl Icahn,$15.8 B,United States,investments,124,Finance & Investments
40,"Thomas Frist, Jr. & family",$15.7 B,United States,hospitals,126,Healthcare
41,Lukas Walton,$15.6 B,United States,Walmart,127,Fashion & Retail
42,Donald Bren,$15.3 B,United States,real estate,132,Real Estate
43,Eric Yuan & family,$14.9 B,United States,video conferencing,133,Technology
44,David Tepper,$14.5 B,United States,hedge funds,142,Finance & Investments
45,"John Menard, Jr.",$14.2 B,United States,home improvement stores,145,Fashion & Retail
46,Brian Chesky,$13.7 B,United States,Airbnb,154,Technology
47,David Duffield,$13.5 B,United States,business software,156,Technology
48,Hank & Doug Meijer,$12.6 B,United States,supermarkets,171,Fashion & Retail
49,Jack Dorsey,$12.5 B,United States,"Twitter, Square",173,Technology
50,Nathan Blecharczyk,$12.4 B,United States,Airbnb,177,Technology
51,John Doerr,$12.4 B,United States,venture capital,177,Technology
52,Joe Gebbia,$12.4 B,United States,Airbnb,177,Technology
53,Gordon Moore,$12.1 B,United States,Intel,182,Technology
54,Jeff Yass,$12 B,United States,"trading, investments",184,Finance & Investments
55,Bobby Murphy,$11.9 B,United States,Snapchat,185,Technology
56,Jensen Huang,$11.8 B,United States,semiconductors,186,Technology
57,Evan Spiegel,$11.1 B,United States,Snapchat,197,Technology
58,Tom & Judy Love,$10.8 B,United States,retail & gas stations,205,Fashion & Retail
59,Charles Schwab,$10.6 B,United States,discount brokerage,210,Finance & Investments
60,"Chase Coleman, III.",$10.3 B,United States,investments,219,Finance & Investments
61,"Edward Johnson, III.",$10.3 B,United States,money management,219,Finance & Investments
62,Philip Anschutz,$10.1 B,United States,investments,224,Finance & Investments
63,Li Ge,$10.1 B,United States,pharmaceutical ingredients,224,Healthcare
64,Jay Chaudhry,$10 B,United States,security software,228,Technology
65,Carl Cook,$9.9 B,United States,medical devices,230,Healthcare
66,Jan Koum,$9.9 B,United States,WhatsApp,230,Technology
67,"Herbert Kohler, Jr. & family",$9.8 B,United States,plumbing fixtures,232,Manufacturing
68,Mat Ishbia,$9.7 B,United States,鈽?234,Finance & Investments,
69,Israel Englander,$9.6 B,United States,hedge funds,241,Finance & Investments
70,Charles Ergen,$9.6 B,United States,satellite TV,241,Media & Entertainment
71,David Geffen,$9.5 B,United States,"movies, record labels",245,Media & Entertainment
72,Harold Hamm & family,$9.4 B,United States,oil & gas,247,Energy
73,Jim Kennedy,$9.4 B,United States,"media, automotive",247,Media & Entertainment
74,Blair Parry-Okeden,$9.4 B,United States,"media, automotive",247,Media & Entertainment
75,Sun Hongbin,$9.3 B,United States,real estate,251,Real Estate
76,David Sun,$9.1 B,United States,computer hardware,256,Technology
77,John Tu,$9.1 B,United States,computer hardware,256,Technology
78,Jerry Jones,$8.9 B,United States,Dallas Cowboys,264,Sports
79,Steven Rales,$8.9 B,United States,manufacturing,264,Manufacturing
80,Sam Bankman-Fried,$8.7 B,United States,cryptocurrency,274,Finance & Investments
81,Lin Bin,$8.7 B,United States,smartphones,274,Technology
82,Leon Black,$8.6 B,United States,private equity,288,Finance & Investments
83,George Soros,$8.6 B,United States,hedge funds,288,Finance & Investments
84,Marc Benioff,$8.4 B,United States,business software,294,Technology
85,Ann Walton Kroenke,$8.4 B,United States,Walmart,294,Fashion & Retail
86,Bubba Cathy,$8.3 B,United States,Chick-fil-A,297,Food & Beverage
87,Dan Cathy,$8.3 B,United States,Chick-fil-A,297,Food & Beverage
88,Stanley Kroenke,$8.2 B,United States,"sports, real estate",304,Sports
89,Diane Hendricks,$8 B,United States,roofing,308,Construction & Engineering
90,Shahid Khan,$8 B,United States,auto parts,308,Automotive
91,Andrew Beal,$7.9 B,United States,"banks, real estate",311,Finance & Investments
92,John Malone,$7.8 B,United States,cable television,316,Media & Entertainment
93,Marijke Mars,$7.8 B,United States,"candy, pet food",316,Food & Beverage
94,Pamela Mars,$7.8 B,United States,"candy, pet food",316,Food & Beverage
95,Valerie Mars,$7.8 B,United States,"candy, pet food",316,Food & Beverage
96,Victoria Mars,$7.8 B,United States,"candy, pet food",316,Food & Beverage
97,David Green & family,$7.6 B,United States,retail,327,Fashion & Retail
98,George Roberts,$7.6 B,United States,private equity,327,Finance & Investments
99,Nancy Walton Laurie,$7.5 B,United States,Walmart,334,Fashion & Retail
100,Patrick Soon-Shiong,$7.5 B,United States,pharmaceuticals,334,Healthcare
101,"Ernest Garcia, III.",$7.4 B,United States,used cars,339,Automotive
102,George Lucas,$7.4 B,United States,Star Wars,339,Media & Entertainment
103,Henry Kravis,$7.3 B,United States,private equity,344,Finance & Investments
104,David Shaw,$7.3 B,United States,hedge funds,344,Finance & Investments
105,Rocco Commisso,$7.2 B,United States,telecom,352,Telecom
106,Bernard Marcus,$7.2 B,United States,Home Depot,352,Fashion & Retail
107,Christy Walton,$7.2 B,United States,Walmart,352,Fashion & Retail
108,Ralph Lauren,$7.1 B,United States,apparel,358,Fashion & Retail
109,Stewart and Lynda Resnick,$7.1 B,United States,"agriculture, water",358,Food & Beverage
110,Anthony Wood,$7.1 B,United States,Roku,358,Technology
111,"Paul Tudor Jones, II.",$7 B,United States,hedge funds,369,Finance & Investments
112,Richard Kinder,$7 B,United States,pipelines,369,Energy
113,Stephen Ross,$7 B,United States,real estate,369,Real Estate
114,Eli Broad,$6.9 B,United States,investments,380,Finance & Investments
115,Jim Davis & family,$6.9 B,United States,New Balance,380,Manufacturing
116,Robert Kraft,$6.9 B,United States,New England Patriots,380,Sports
117,Micky Arison,$6.7 B,United States,Carnival Cruises,391,Service
118,Reinhold Schmieding,$6.7 B,United States,medical devices,391,Healthcare
119,Bruce Kovner,$6.6 B,United States,hedge funds,400,Finance & Investments
120,Brian Armstrong,$6.5 B,United States,cryptocurrency,404,Finance & Investments
121,James Goodnight,$6.5 B,United States,software,404,Technology
122,John Overdeck,$6.5 B,United States,hedge funds,404,Finance & Investments
123,David Siegel,$6.5 B,United States,hedge funds,404,Finance & Investments
124,Ronda Stryker,$6.5 B,United States,medical equipment,404,Healthcare
125,Pauline MacMillan Keinath,$6.4 B,United States,Cargill,418,Food & Beverage
126,Dennis Washington,$6.4 B,United States,"construction, mining",418,Logistics
127,Arthur Blank,$6.2 B,United States,Home Depot,432,Sports
128,James Chambers,$6.2 B,United States,"media, automotive",432,Media & Entertainment
129,Mitchell Rales,$6.2 B,United States,"manufacturing, investments",432,Manufacturing
130,Katharine Rayner,$6.2 B,United States,"media, automotive",432,Media & Entertainment
131,Margaretta Taylor,$6.2 B,United States,"media, automotive",432,Media & Entertainment
132,Charles Dolan & family,$6.1 B,United States,cable television,440,Media & Entertainment
133,Henry Samueli,$6.1 B,United States,semiconductors,440,Technology
134,Les Wexner & family,$6.1 B,United States,retail,440,Fashion & Retail
135,Dannine Avara,$6 B,United States,pipelines,451,Energy
136,Robert Brockman,$6 B,United States,Software,451,Technology
137,Scott Duncan,$6 B,United States,pipelines,451,Energy
138,Judy Faulkner,$6 B,United States,health IT,451,Technology
139,Milane Frantz,$6 B,United States,pipelines,451,Energy
140,Jane Lauder,$6 B,United States,Est茅e Lauder,451,Fashion & Retail
141,Isaac Perlmutter,$6 B,United States,Marvel comics,451,Media & Entertainment
142,Jeff Skoll,$6 B,United States,eBay,451,Technology
143,Robert F. Smith,$6 B,United States,private equity,451,Finance & Investments
144,John A. Sobrato & family,$6 B,United States,real estate,451,Real Estate
145,Ronald Wanek,$6 B,United States,furniture,451,Manufacturing
146,Randa Duncan Williams,$6 B,United States,pipelines,451,Energy
147,George Kaiser,$5.8 B,United States,"oil & gas, banking",476,Energy
148,Douglas Leone,$5.8 B,United States,venture capital,476,Finance & Investments
149,Meg Whitman,$5.8 B,United States,eBay,476,Technology
150,Neil Bluhm,$5.7 B,United States,real estate,486,Real Estate
151,Tom Gores,$5.7 B,United States,private equity,486,Finance & Investments
152,Michael Moritz,$5.7 B,United States,venture capital,486,Technology
153,Fred Smith,$5.7 B,United States,FedEx,486,Logistics
154,Jack Dangermond,$5.6 B,United States,mapping software,496,Technology
155,Stanley Druckenmiller,$5.6 B,United States,hedge funds,496,Finance & Investments
156,Tamara Gustavson,$5.6 B,United States,self storage,496,Service
157,Dagmar Dolby & family,$5.5 B,United States,Dolby Laboratories,502,Technology
158,Ken Fisher,$5.5 B,United States,money management,502,Finance & Investments
159,Ronald Lauder,$5.5 B,United States,Estee Lauder,502,Fashion & Retail
160,J. Christopher Reyes,$5.5 B,United States,food distribution,502,Food & Beverage
161,Jude Reyes,$5.5 B,United States,food distribution,502,Food & Beverage
162,"Edward Roski, Jr.",$5.5 B,United States,real estate,502,Real Estate
163,"Henry Nicholas, III.",$5.4 B,United States,semiconductors,520,Technology
164,Terrence Pegula,$5.4 B,United States,natural gas,520,Energy
165,Harry Stine,$5.4 B,United States,agriculture,520,Food & Beverage
166,Sam Zell,$5.3 B,United States,"real estate, private equity",529,Real Estate
167,John Brown,$5.2 B,United States,medical equipment,539,Healthcare
168,Joe Mansueto,$5.2 B,United States,investment research,539,Finance & Investments
169,Gary Rollins,$5.2 B,United States,pest control,539,Service
170,Robert Bass,$5.1 B,United States,"oil, investments",550,Energy
171,Reed Hastings,$5.1 B,United States,Netflix,550,Media & Entertainment
172,Joshua Harris,$5 B,United States,private equity,561,Finance & Investments
173,"Walter Scott, Jr. & family",$5 B,United States,"utilities, telecom",561,Energy
174,Charles Simonyi,$5 B,United States,Microsoft,561,Technology
175,Daniel Ziff,$5 B,United States,investments,561,Finance & Investments
176,Dirk Ziff,$5 B,United States,investments,561,Finance & Investments
177,Robert Ziff,$5 B,United States,investments,561,Finance & Investments
178,Stephen Bisciotti,$4.9 B,United States,"staffing, Baltimore Ravens",574,Sports
179,Charles B. Johnson,$4.9 B,United States,money management,574,Finance & Investments
180,Karen Pritzker,$4.9 B,United States,"hotels, investments",574,Finance & Investments
181,Howard Schultz,$4.9 B,United States,Starbucks,574,Food & Beverage
182,Thomas Siebel,$4.9 B,United States,business software,574,Technology
183,Peter Thiel,$4.9 B,United States,Facebook,574,Finance & Investments
184,"Edward Johnson, IV.",$4.8 B,United States,money management,589,Finance & Investments
185,Elizabeth Johnson,$4.8 B,United States,money management,589,Finance & Investments
186,Ted Lerner & family,$4.8 B,United States,real estate,589,Real Estate
187,Alan Trefler,$4.8 B,United States,software,589,Technology
188,Ken Langone,$4.7 B,United States,investments,608,Finance & Investments
189,Richard Schulze,$4.7 B,United States,Best Buy,608,Fashion & Retail
190,Eric Smidt,$4.7 B,United States,hardware stores,608,Fashion & Retail
191,Tim Sweeney,$4.7 B,United States,video games,608,Media & Entertainment
192,Mark Walter,$4.7 B,United States,finance,608,Finance & Investments
193,Bert Beveridge,$4.6 B,United States,vodka,622,Food & Beverage
194,Tilman Fertitta,$4.6 B,United States,"Houston Rockets, entertainment",622,Food & Beverage
195,Peter Gassner,$4.6 B,United States,software,622,Technology
196,"Robert Rich, Jr.",$4.6 B,United States,frozen foods,622,Food & Beverage
197,Ron Baron,$4.5 B,United States,money management,638,Finance & Investments
198,Jonathan Gray,$4.5 B,United States,investments,638,Finance & Investments
199,Min Kao & family,$4.5 B,United States,navigation equipment,638,Technology
200,Sami Mnaymneh,$4.5 B,United States,private equity,638,Finance & Investments
201,Igor Olenicoff,$4.5 B,United States,real estate,638,Real Estate
202,Thomas Pritzker,$4.5 B,United States,"hotels, investments",638,Finance & Investments
203,"Julian Robertson, Jr.",$4.5 B,United States,hedge funds,638,Finance & Investments
204,Tony Tamer,$4.5 B,United States,private equity,638,Finance & Investments
205,Orlando Bravo,$4.4 B,United States,private equity,655,Finance & Investments
206,Nick Caporella,$4.4 B,United States,beverages,655,Food & Beverage
207,Mark Cuban,$4.4 B,United States,"online media, Dallas Mavericks",655,Media & Entertainment
208,Thomas Hagen,$4.3 B,United States,insurance,665,Finance & Investments
209,Eric Lefkofsky,$4.3 B,United States,Groupon,665,Technology
210,Antony Ressler,$4.3 B,United States,finance,665,Finance & Investments
211,Paul Singer,$4.3 B,United States,hedge funds,665,Finance & Investments
212,Steven Udvar-Hazy,$4.3 B,United States,aircraft leasing,665,Service
213,Rick Caruso,$4.2 B,United States,real estate,680,Real Estate
214,Scott Cook,$4.2 B,United States,software,680,Technology
215,Barry Diller,$4.2 B,United States,online media,680,Media & Entertainment
216,Tom Golisano,$4.2 B,United States,payroll services,680,Service
217,Ray Lee Hunt,$4.2 B,United States,"oil, real estate",680,Energy
218,Leonard Stern,$4.2 B,United States,real estate,680,Real Estate
219,Ken Xie,$4.2 B,United States,cybersecurity,680,Technology
220,Margot Birmingham Perot,$4.1 B,United States,"computer services, real estate",705,Technology
221,David Bonderman,$4.1 B,United States,private equity,705,Finance & Investments
222,Matthew Calkins,$4.1 B,United States,software,705,Technology
223,Dan Friedkin,$4.1 B,United States,Toyota dealerships,705,Automotive
224,"Rupert Johnson, Jr.",$4.1 B,United States,money management,705,Finance & Investments
225,William Lauder,$4.1 B,United States,Estee Lauder,705,Fashion & Retail
226,Janice McNair,$4.1 B,United States,"energy, sports",705,Sports
227,John Morris,$4.1 B,United States,sporting goods retail,705,Fashion & Retail
228,Gabe Newell,$4.1 B,United States,videogames,705,Gambling & Casinos
229,Jon Stryker,$4.1 B,United States,medical equipment,705,Healthcare
230,Paul Xiaoming Lee & family,$4 B,United States,packaging,727,Manufacturing
231,Gwendolyn Sontheim Meyer,$4 B,United States,Cargill,727,Food & Beverage
232,Trevor Rees-Jones,$4 B,United States,oil & gas,727,Energy
233,Ira Rennert,$4 B,United States,investments,727,Finance & Investments
234,Marc Rowan,$4 B,United States,private equity,727,Finance & Investments
235,Rakesh Gangwal,$3.9 B,United States,airline,752,Service
236,Jeff Greene,$3.9 B,United States,"real estate, investments",752,Real Estate
237,Johnelle Hunt,$3.9 B,United States,trucking,752,Logistics
238,"Stephen Mandel, Jr.",$3.9 B,United States,hedge funds,752,Finance & Investments
239,Robert Rowling,$3.9 B,United States,"hotels, investments",752,Service
240,Mark Shoen,$3.9 B,United States,U-Haul,752,Automotive
241,Ben Silbermann,$3.9 B,United States,Pinterest,752,Technology
242,Daniel D'Aniello,$3.8 B,United States,private equity,775,Finance & Investments
243,Jeff Green,$3.8 B,United States,online advertising,775,Media & Entertainment
244,"Amos Hostetter, Jr.",$3.8 B,United States,cable television,775,Media & Entertainment
245,Aerin Lauder,$3.8 B,United States,cosmetics,775,Fashion & Retail
246,Donald Sterling,$3.8 B,United States,real estate,775,Real Estate
247,Don Vultaggio & family,$3.8 B,United States,beverages,775,Food & Beverage
248,Marian Ilitch,$3.7 B,United States,Little Caesars,807,Food & Beverage
249,Mary Alice Dorrance Malone,$3.7 B,United States,Campbell Soup,807,Food & Beverage
250,Michael Milken,$3.7 B,United States,investments,807,Finance & Investments
251,Ronald Perelman,$3.7 B,United States,leveraged buyouts,807,Finance & Investments
252,J. Joe Ricketts & family,$3.7 B,United States,TD Ameritrade,807,Finance & Investments
253,Jeff Rothschild,$3.7 B,United States,Facebook,807,Technology
254,David Rubenstein,$3.7 B,United States,private equity,807,Finance & Investments
255,Steven Spielberg,$3.7 B,United States,movies,807,Media & Entertainment
256,Barry Sternlicht,$3.7 B,United States,private equity,807,Finance & Investments
257,Mark Stevens,$3.7 B,United States,venture capital,807,Finance & Investments
258,David Steward,$3.7 B,United States,IT provider,807,Technology
259,Vincent Viola,$3.7 B,United States,electronic trading,807,Finance & Investments
260,Todd Wanek,$3.7 B,United States,furniture,807,Manufacturing
261,Wang Roger,$3.7 B,United States,retail,807,Fashion & Retail
262,Russ Weiner,$3.7 B,United States,energy drinks,807,Food & Beverage
263,Herbert Wertheim,$3.7 B,United States,investments,807,Finance & Investments
264,"Austen Cargill, II.",$3.6 B,United States,Cargill,831,Food & Beverage
265,"James Cargill, II.",$3.6 B,United States,Cargill,831,Food & Beverage
266,Steve Conine,$3.6 B,United States,online retail,831,Technology
267,S. Curtis Johnson,$3.6 B,United States,cleaning products,831,Manufacturing
268,Helen Johnson-Leipold,$3.6 B,United States,cleaning products,831,Manufacturing
269,Peter Kellogg,$3.6 B,United States,investments,831,Finance & Investments
270,Marianne Liebmann,$3.6 B,United States,Cargill,831,Food & Beverage
271,Winifred J. Marquart,$3.6 B,United States,cleaning products,831,Manufacturing
272,Daniel Och,$3.6 B,United States,hedge funds,831,Finance & Investments
273,Anthony Pritzker,$3.6 B,United States,"hotels, investments",831,Service
274,Rodger Riney & family,$3.6 B,United States,discount brokerage,831,Finance & Investments
275,Niraj Shah,$3.6 B,United States,online retail,831,Technology
276,Lynsi Snyder,$3.6 B,United States,In-N-Out Burger,831,Food & Beverage
277,Ty Warner,$3.6 B,United States,"real estate, plush toys",831,Real Estate
278,Charles Cohen,$3.5 B,United States,real estate,859,Real Estate
279,David Filo,$3.5 B,United States,Yahoo,859,Technology
280,Martha Ingram & family,$3.5 B,United States,"book distribution, transportation",859,Media & Entertainment
281,H. Fisk Johnson,$3.5 B,United States,cleaning products,859,Manufacturing
282,Daniel Loeb,$3.5 B,United States,hedge funds,859,Finance & Investments
283,Jim McKelvey,$3.5 B,United States,mobile payments,859,Technology
284,John Paulson,$3.5 B,United States,hedge funds,859,Finance & Investments
285,J.B. Pritzker,$3.5 B,United States,"hotels, investments",859,Finance & Investments
286,Michael Rubin,$3.5 B,United States,online retail,859,Fashion & Retail
287,Thomas Secunda,$3.5 B,United States,Bloomberg LP,859,Media & Entertainment
288,E. Joe Shoen,$3.5 B,United States,U-Haul,859,Automotive
289,Romesh T. Wadhwani,$3.5 B,United States,software,859,Technology
290,Denise York & family,$3.5 B,United States,San Francisco 49ers,859,Sports
291,Gayle Benson,$3.4 B,United States,pro sports teams,891,Sports
292,"William Conway, Jr.",$3.4 B,United States,private equity,891,Finance & Investments
293,Jim Davis,$3.4 B,United States,staffing & recruiting,891,Service
294,Steven Klinsky,$3.4 B,United States,investments,891,Finance & Investments
295,Chris Larsen,$3.4 B,United States,cryptocurrency,891,Finance & Investments
296,John Middleton,$3.4 B,United States,tobacco,891,Food & Beverage
297,Arturo Moreno,$3.4 B,United States,"billboards, Anaheim Angels",891,Sports
298,Jay Paul,$3.4 B,United States,real estate,891,Real Estate
299,Patrick Ryan,$3.4 B,United States,insurance,891,Finance & Investments
300,RJ Scaringe,$3.4 B,United States,electric vehicles,891,Automotive
301,Lynn Schusterman,$3.4 B,United States,"oil & gas, investments",891,Energy
302,Frank VanderSloot,$3.4 B,United States,"nutrition, wellness products",891,Fashion & Retail
303,Kelcy Warren,$3.4 B,United States,pipelines,891,Energy
304,John Arnold,$3.3 B,United States,hedge funds,925,Finance & Investments
305,Neal Blue & family,$3.3 B,United States,defense,925,Manufacturing
306,Joseph Edelman,$3.3 B,United States,hedge funds,925,Finance & Investments
307,B. Wayne Hughes,$3.3 B,United States,self storage,925,Service
308,Jim Koch,$3.3 B,United States,beer,925,Food & Beverage
309,Richard LeFrak & family,$3.3 B,United States,real estate,925,Real Estate
310,Jean (Gigi) Pritzker,$3.3 B,United States,"hotels, investments",925,Service
311,"Bernard Saul, II.",$3.3 B,United States,"banking, real estate",925,Finance & Investments
312,"William Wrigley, Jr.",$3.3 B,United States,chewing gum,925,Food & Beverage
313,Archie Aldis Emmerson & family,$3.2 B,United States,"timberland, lumber mills",956,Manufacturing
314,Don Hankey,$3.2 B,United States,auto loans,956,Finance & Investments
315,Thai Lee,$3.2 B,United States,IT provider,956,Technology
316,John Sall,$3.2 B,United States,software,956,Technology
317,Steve Wynn,$3.2 B,United States,"casinos, hotels",956,Gambling & Casinos
318,John Fisher,$3.1 B,United States,Gap,986,Fashion & Retail
319,Jane Goldman,$3.1 B,United States,real estate,986,Real Estate
320,Hao Hong,$3.1 B,United States,pharmaceuticals,986,Healthcare
321,Penny Pritzker,$3.1 B,United States,"hotels, investments",986,Finance & Investments
322,Herb Simon,$3.1 B,United States,real estate,986,Real Estate
323,Jerry Speyer,$3.1 B,United States,real estate,986,Real Estate
324,Ben Chestnut,$3 B,United States,email marketing,1008,Technology
325,Behdad Eghbali,$3 B,United States,private equity,1008,Finance & Investments
326,Jose E. Feliciano,$3 B,United States,private equity,1008,Finance & Investments
327,Allan Goldman,$3 B,United States,real estate,1008,Real Estate
328,Amy Goldman Fowler,$3 B,United States,real estate,1008,Real Estate
329,Alec Gores,$3 B,United States,private equity,1008,Finance & Investments
330,Jimmy Haslam,$3 B,United States,"gas stations, retail",1008,Fashion & Retail
331,James Irsay,$3 B,United States,Indianapolis Colts,1008,Sports
332,Justin Ishbia,$3 B,United States,鈽?1008,Finance & Investments,
333,Diane Kemper,$3 B,United States,real estate,1008,Real Estate
334,George Kurtz,$3 B,United States,security software,1008,Technology
335,Dan Kurzius,$3 B,United States,email marketing,1008,Technology
336,Sheldon Lavin,$3 B,United States,meat processing,1008,Food & Beverage
337,James Leprino,$3 B,United States,cheese,1008,Food & Beverage
338,Joseph Liemandt,$3 B,United States,software,1008,Technology
339,Jeffrey Lurie,$3 B,United States,Philadelphia Eagles,1008,Sports
340,Haim Saban,$3 B,United States,"TV network, investments",1008,Media & Entertainment
341,Pat Stryker,$3 B,United States,medical equipment,1008,Healthcare
342,Cameron Winklevoss,$3 B,United States,cryptocurrency,1008,Finance & Investments
343,Tyler Winklevoss,$3 B,United States,cryptocurrency,1008,Finance & Investments
344,Ben Ashkenazy,$2.9 B,United States,real estate,1064,Real Estate
345,Sid Bass,$2.9 B,United States,"oil, investments",1064,Energy
346,Riley Bechtel & family,$2.9 B,United States,"engineering, construction",1064,Construction & Engineering
347,Bennett Dorrance,$2.9 B,United States,Campbell Soup,1064,Food & Beverage
348,Maggie Hardy Knox,$2.9 B,United States,building materials,1064,Service
349,Bradley Jacobs,$2.9 B,United States,logistics,1064,Logistics
350,Osman Kibar,$2.9 B,United States,biotech,1064,Healthcare
351,Pablo Legorreta,$2.9 B,United States,investments,1064,Finance & Investments
352,Chad Richison,$2.9 B,United States,payroll processing,1064,Technology
353,Alejandro Santo Domingo,$2.9 B,United States,beer,1064,Food & Beverage
354,Paul Sciarra,$2.9 B,United States,Pinterest,1064,Technology
355,Jeff Sutton,$2.9 B,United States,real estate,1064,Real Estate
356,Glen Taylor,$2.9 B,United States,printing,1064,Service
357,Jon Yarbrough,$2.9 B,United States,video games,1064,Gambling & Casinos
358,William Ackman,$2.8 B,United States,hedge funds,1111,Finance & Investments
359,David Baszucki,$2.8 B,United States,online games,1111,Media & Entertainment
360,Aneel Bhusri,$2.8 B,United States,business software,1111,Technology
361,Norman Braman,$2.8 B,United States,"art, car dealerships",1111,Automotive
362,John Catsimatidis,$2.8 B,United States,"oil, real estate",1111,Energy
363,James Clark,$2.8 B,United States,"Netscape, investments",1111,Technology
364,Doris Fisher,$2.8 B,United States,Gap,1111,Fashion & Retail
365,Gary Friedman,$2.8 B,United States,Furniture retail,1111,Fashion & Retail
366,Valentin Gapontsev & family,$2.8 B,United States,lasers,1111,Manufacturing
367,David Gottesman,$2.8 B,United States,investments,1111,Finance & Investments
368,John Henry,$2.8 B,United States,sports,1111,Sports
369,Travis Kalanick,$2.8 B,United States,Uber,1111,Technology
370,"Drayton McLane, Jr.",$2.8 B,United States,"Walmart, logistics",1111,Fashion & Retail
371,T. Denny Sanford,$2.8 B,United States,"banking, credit cards",1111,Finance & Investments
372,Warren Stephens,$2.8 B,United States,investment banking,1111,Finance & Investments
373,Kenneth Tuchman,$2.8 B,United States,outsourcing,1111,Service
374,Tony Xu,$2.8 B,United States,food delivery service,1111,Technology
375,Timothy Boyle,$2.7 B,United States,Columbia Sportswear,1174,Fashion & Retail
376,John Paul DeJoria,$2.7 B,United States,"hair products, tequila",1174,Fashion & Retail
377,James Jannard,$2.7 B,United States,sunglasses,1174,Fashion & Retail
378,Vinod Khosla,$2.7 B,United States,venture capital,1174,Technology
379,Sean Parker,$2.7 B,United States,Facebook,1174,Technology
380,Richard Peery,$2.7 B,United States,real estate,1174,Real Estate
381,"H. Ross Perot, Jr.",$2.7 B,United States,real estate,1174,Real Estate
382,Oprah Winfrey,$2.7 B,United States,TV shows,1174,Media & Entertainment
383,Mortimer Zuckerman,$2.7 B,United States,"real estate, media",1174,Real Estate
384,Brian Acton,$2.6 B,United States,WhatsApp,1205,Technology
385,Anthony Hsieh,$2.6 B,United States,mortgage lender,1205,Finance & Investments
386,Brad Kelley,$2.6 B,United States,tobacco,1205,Real Estate
387,C. Dean Metropoulos,$2.6 B,United States,investments,1205,Food & Beverage
388,Daniel Pritzker,$2.6 B,United States,"hotels, investments",1205,Finance & Investments
389,Steven Sarowitz,$2.6 B,United States,payroll software,1205,Technology
390,Dan Snyder,$2.6 B,United States,Washington Redskins,1205,Sports
391,Evan Williams,$2.6 B,United States,Twitter,1205,Technology
392,Charles Zegar,$2.6 B,United States,Bloomberg LP,1205,Media & Entertainment
393,John Arrillaga,$2.5 B,United States,real estate,1249,Real Estate
394,Carol Jenkins Barnett,$2.5 B,United States,Publix supermarkets,1249,Food & Beverage
395,William Berkley,$2.5 B,United States,insurance,1249,Finance & Investments
396,Jim Breyer,$2.5 B,United States,venture capital,1249,Technology
397,Leon G. Cooperman,$2.5 B,United States,hedge funds,1249,Finance & Investments
398,Gerald Ford,$2.5 B,United States,banking,1249,Finance & Investments
399,Phillip Frost,$2.5 B,United States,pharmaceuticals,1249,Healthcare
400,"Jeremy Jacobs, Sr. & family",$2.5 B,United States,food service,1249,Service
401,Mark & Robyn Jones,$2.5 B,United States,insurance,1249,Finance & Investments
402,Matthew Prince,$2.5 B,United States,cybersecurity,1249,Technology
403,John Pritzker,$2.5 B,United States,"hotels, investments",1249,Finance & Investments
404,Rodney Sacks,$2.5 B,United States,energy drinks,1249,Food & Beverage
405,Kavitark Ram Shriram,$2.5 B,United States,"venture capital, Google",1249,Technology
406,Daniel Sundheim,$2.5 B,United States,hedge funds,1249,Finance & Investments
407,Todd Christopher,$2.4 B,United States,hair care products,1299,Fashion & Retail
408,Chetan Dube,$2.4 B,United States,technology,1299,Technology
409,Stephen Feinberg,$2.4 B,United States,private equity,1299,Finance & Investments
410,Donald Horton,$2.4 B,United States,homebuilding,1299,Real Estate
411,Gail Miller,$2.4 B,United States,car dealerships,1299,Automotive
412,Austin Russell,$2.4 B,United States,鈽?1299,Automotive,
413,Alice Schwartz,$2.4 B,United States,biotech,1299,Healthcare
414,William Stone,$2.4 B,United States,software,1299,Technology
415,Donald Trump,$2.4 B,United States,real estate,1299,Real Estate
416,John Tyson,$2.4 B,United States,food processing,1299,Food & Beverage
417,Bill Alfond,$2.3 B,United States,shoes,1362,Fashion & Retail
418,Susan Alfond,$2.3 B,United States,shoes,1362,Fashion & Retail
419,Ted Alfond,$2.3 B,United States,shoes,1362,Fashion & Retail
420,Jim Coulter,$2.3 B,United States,private equity,1362,Finance & Investments
421,"Edward DeBartolo, Jr.",$2.3 B,United States,shopping centers,1362,Real Estate
422,Noam Gottesman,$2.3 B,United States,hedge funds,1362,Finance & Investments
423,Joseph Grendys,$2.3 B,United States,poultry processing,1362,Food & Beverage
424,Stewart Horejsi & family,$2.3 B,United States,Berkshire Hathaway,1362,Finance & Investments
425,Jared Isaacman,$2.3 B,United States,payment processing,1362,Technology
426,Boris Jordan,$2.3 B,United States,cannabis,1362,Manufacturing
427,Jim Kavanaugh,$2.3 B,United States,IT provider,1362,Technology
428,Clayton Mathile,$2.3 B,United States,pet food,1362,Food & Beverage
429,Andrew Paradise,$2.3 B,United States,鈽?1362,Media & Entertainment,
430,Stewart Rahr,$2.3 B,United States,drug distribution,1362,Healthcare
431,Michael Saylor,$2.3 B,United States,cryptocurrency,1362,Technology
432,Ted Turner,$2.3 B,United States,cable television,1362,Media & Entertainment
433,Elaine Wynn,$2.3 B,United States,"casinos, hotels",1362,Gambling & Casinos
434,Jerry Yang,$2.3 B,United States,Yahoo,1362,Technology
435,Bill Austin,$2.2 B,United States,hearing aids,1444,Manufacturing
436,Richard Barton,$2.2 B,United States,Zillow,1444,Real Estate
437,Edward Bass,$2.2 B,United States,"oil, investments",1444,Energy
438,"Frank Fertitta, III.",$2.2 B,United States,"casinos, mixed martial arts",1444,Sports
439,Lorenzo Fertitta,$2.2 B,United States,"casinos, mixed martial arts",1444,Sports
440,Jeffrey Gundlach,$2.2 B,United States,investments,1444,Finance & Investments
441,Randal J. Kirk,$2.2 B,United States,pharmaceuticals,1444,Healthcare
442,Leo Koguan,$2.2 B,United States,IT provider,1444,Technology
443,Jeff Lawson,$2.2 B,United States,software,1444,Technology
444,Max Levchin,$2.2 B,United States,fintech,1444,Finance & Investments
445,Bob Parsons,$2.2 B,United States,web hosting,1444,Technology
446,Phillip T. (Terry) Ragon,$2.2 B,United States,health IT,1444,Technology
447,Vlad Shmunis,$2.2 B,United States,cloud technology,1444,Technology
448,Dean Solon,$2.2 B,United States,solar systems,1444,Energy
449,Timothy Springer,$2.2 B,United States,biotech,1444,Healthcare
450,David Walentas,$2.2 B,United States,real estate,1444,Real Estate
451,George Bishop,$2.1 B,United States,oil & gas,1517,Energy
452,Herb Chambers,$2.1 B,United States,car dealerships,1517,Automotive
453,Andrew & Peggy Cherng,$2.1 B,United States,restaurants,1517,Food & Beverage
454,Ray Davis,$2.1 B,United States,pipelines,1517,Energy
455,William Fisher,$2.1 B,United States,Gap,1517,Fashion & Retail
456,Gordon Getty,$2.1 B,United States,Getty Oil,1517,Energy
457,Alexander Karp,$2.1 B,United States,software firm,1517,Technology
458,Bruce Karsh,$2.1 B,United States,private equity,1517,Finance & Investments
459,Philippe Laffont,$2.1 B,United States,hedge fund,1517,Finance & Investments
460,Henry Laufer,$2.1 B,United States,hedge funds,1517,Finance & Investments
461,Frank Laukien,$2.1 B,United States,scientific equipment,1517,Manufacturing
462,Daniel Lubetzky,$2.1 B,United States,snack bars,1517,Food & Beverage
463,Howard Marks,$2.1 B,United States,private equity,1517,Finance & Investments
464,Vincent McMahon,$2.1 B,United States,entertainment,1517,Sports
465,David Murdock,$2.1 B,United States,"Dole, real estate",1517,Food & Beverage
466,Roger Penske,$2.1 B,United States,cars,1517,Automotive
467,Phil Ruffin,$2.1 B,United States,"casinos, real estate",1517,Diversified
468,Richard Sands,$2.1 B,United States,liquor,1517,Food & Beverage
469,Robert Sands,$2.1 B,United States,liquor,1517,Food & Beverage
470,Jeffrey Talpins,$2.1 B,United States,hedge fund,1517,Finance & Investments
471,Michael Xie,$2.1 B,United States,cybersecurity,1517,Technology
472,S. Daniel Abraham,$2 B,United States,Slim-Fast,1580,Food & Beverage
473,George Argyros & family,$2 B,United States,"real estate, investments",1580,Real Estate
474,J. Hyatt Brown,$2 B,United States,insurance,1580,Finance & Investments
475,Glenn Dubin,$2 B,United States,hedge funds,1580,Finance & Investments
476,Andy Fang,$2 B,United States,food delivery app,1580,Technology
477,Kenneth Feld & family,$2 B,United States,live entertainment,1580,Media & Entertainment
478,Jeffery Hildebrand,$2 B,United States,oil,1580,Energy
479,J. Tomilson Hill,$2 B,United States,investments,1580,Finance & Investments
480,Orion Hindawi,$2 B,United States,software,1580,Technology
481,Reid Hoffman,$2 B,United States,LinkedIn,1580,Technology
482,W. Herbert Hunt,$2 B,United States,oil,1580,Energy
483,George Joseph,$2 B,United States,insurance,1580,Finance & Investments
484,Thomas Lee,$2 B,United States,private equity,1580,Finance & Investments
485,Jeffrey Lorberbaum,$2 B,United States,flooring,1580,Manufacturing
486,Jed McCaleb,$2 B,United States,cryptocurrency,1580,Finance & Investments
487,Craig McCaw,$2 B,United States,telecom,1580,Telecom
488,Charles Munger,$2 B,United States,Berkshire Hathaway,1580,Finance & Investments
489,Jonathan Nelson,$2 B,United States,private equity,1580,Finance & Investments
490,Kevin Plank,$2 B,United States,Under Armour,1580,Fashion & Retail
491,Jennifer Pritzker,$2 B,United States,"hotels, investments",1580,Finance & Investments
492,Linda Pritzker,$2 B,United States,"hotels, investments",1580,Service
493,"Joe Rogers, Jr.",$2 B,United States,Waffle House,1580,Food & Beverage
494,Stanley Tang,$2 B,United States,food delivery app,1580,Technology
495,Amy Wyss,$2 B,United States,medical equipment,1580,Healthcare
496,William Young,$2 B,United States,plastics,1580,Manufacturing
497,Noubar Afeyan,$1.9 B,United States,biotech,1664,Healthcare
498,Felix Baker,$1.9 B,United States,biotech investing,1664,Finance & Investments
499,Julian Baker,$1.9 B,United States,investing,1664,Finance & Investments
500,Lee Bass,$1.9 B,United States,"oil, investments",1664,Energy
501,Thierry Cruanes,$1.9 B,United States,software,1664,Technology
502,Benoit Dageville,$1.9 B,United States,software,1664,Technology
503,James Dinan,$1.9 B,United States,hedge funds,1664,Finance & Investments
504,Fred Ehrsam,$1.9 B,United States,cryptocurrency exchange,1664,Finance & Investments
505,Robert Fisher,$1.9 B,United States,Gap,1664,Fashion & Retail
506,"William Foley, II.",$1.9 B,United States,鈽?1664,Finance & Investments,
507,Bill Haslam,$1.9 B,United States,gas stations,1664,Fashion & Retail
508,Stanley Hubbard,$1.9 B,United States,DirecTV,1664,Media & Entertainment
509,Hamilton James,$1.9 B,United States,investments,1664,Finance & Investments
510,Michael Kim,$1.9 B,United States,private equity,1664,Finance & Investments
511,Alexis L锚-Qu么c,$1.9 B,United States,cloud computing,1664,Technology
512,Larry Robbins,$1.9 B,United States,hedge funds,1664,Finance & Investments
513,Brian Roberts,$1.9 B,United States,Comcast,1664,Media & Entertainment
514,Evgeny (Eugene) Shvidler,$1.9 B,United States,"oil & gas, investments",1664,Energy
515,Frank Slootman,$1.9 B,United States,software,1664,Technology
516,Kevin Systrom,$1.9 B,United States,Instagram,1664,Technology
517,Patrizio Vinciarelli,$1.9 B,United States,electronic components,1664,Technology
518,Todd Wagner,$1.9 B,United States,online media,1664,Media & Entertainment
519,Stephen Winn,$1.9 B,United States,real estate services,1664,Real Estate
520,Anita Zucker,$1.9 B,United States,chemicals,1664,Manufacturing
521,Leslie Alexander,$1.8 B,United States,sports team,1750,Sports
522,O. Francis Biondi,$1.8 B,United States,hedge funds,1750,Finance & Investments
523,David Booth,$1.8 B,United States,mutual funds,1750,Finance & Investments
524,Yvon Chouinard,$1.8 B,United States,Patagonia,1750,Fashion & Retail
525,Jamie Dimon,$1.8 B,United States,banking,1750,Finance & Investments
526,Robert Duggan,$1.8 B,United States,pharmaceuticals,1750,Healthcare
527,James France,$1.8 B,United States,"Nascar, racing",1750,Sports
528,Mario Gabelli,$1.8 B,United States,money management,1750,Finance & Investments
529,Brian Higgins,$1.8 B,United States,hedge funds,1750,Finance & Investments
530,David Hindawi,$1.8 B,United States,software,1750,Technology
531,Drew Houston,$1.8 B,United States,cloud storage service,1750,Technology
532,Thomas James,$1.8 B,United States,finance,1750,Finance & Investments
533,Willis Johnson,$1.8 B,United States,damaged cars,1750,Automotive
534,Marc Lasry,$1.8 B,United States,hedge funds,1750,Finance & Investments
535,John Oyler,$1.8 B,United States,biotech,1750,Healthcare
536,Tor Peterson,$1.8 B,United States,commodities,1750,Metals & Mining
537,Glenn Sanford,$1.8 B,United States,real estate brokerage,1750,Real Estate
538,Leonard Schleifer,$1.8 B,United States,pharmaceuticals,1750,Healthcare
539,Henry Swieca,$1.8 B,United States,hedge funds,1750,Finance & Investments
540,Kanye West,$1.8 B,United States,"music, sneakers",1750,Fashion & Retail
541,Marc Andreessen,$1.7 B,United States,venture capital investing,1833,Finance & Investments
542,Nicolas Berggruen,$1.7 B,United States,investments,1833,Finance & Investments
543,Peter Buck,$1.7 B,United States,Subway sandwich shops,1833,Food & Beverage
544,Alexandra Daitch,$1.7 B,United States,Cargill,1833,Food & Beverage
545,Henry Engelhardt,$1.7 B,United States,insurance,1833,Finance & Investments
546,Paul Foster,$1.7 B,United States,oil refining,1833,Energy
547,Robert Friedland,$1.7 B,United States,mining,1833,Metals & Mining
548,Christopher Goldsbury,$1.7 B,United States,salsa,1833,Food & Beverage
549,Patrick Hanrahan,$1.7 B,United States,software,1833,Technology
550,Edward Lampert,$1.7 B,United States,Sears,1833,Finance & Investments
551,Jimmy John Liautaud,$1.7 B,United States,sandwich chain,1833,Food & Beverage
552,David Lichtenstein,$1.7 B,United States,real estate,1833,Real Estate
553,Sarah MacMillan,$1.7 B,United States,Cargill,1833,Food & Beverage
554,Todd McKinnon,$1.7 B,United States,software,1833,Technology
555,Gary Michelson,$1.7 B,United States,medical patents,1833,Healthcare
556,Jorge Perez,$1.7 B,United States,real estate,1833,Real Estate
557,Nicholas Pritzker,$1.7 B,United States,"hotels, investments",1833,Finance & Investments
558,Jerry Reinsdorf,$1.7 B,United States,sports teams,1833,Sports
559,Sheryl Sandberg,$1.7 B,United States,Facebook,1833,Technology
560,Andres Santo Domingo,$1.7 B,United States,beer,1833,Food & Beverage
561,Lucy Stitzer,$1.7 B,United States,Cargill,1833,Food & Beverage
562,Charlotte Colket Weber,$1.7 B,United States,Campbell Soup,1833,Food & Beverage
563,William Boyd,$1.6 B,United States,"casinos, banking",1931,Gambling & Casinos
564,Henrik Fisker,$1.6 B,United States,鈽?1931,Automotive,
565,Donald Foss,$1.6 B,United States,auto loans,1931,Automotive
566,"B. Wayne Hughes, Jr.",$1.6 B,United States,storage facilities,1931,Real Estate
567,Michael Jordan,$1.6 B,United States,"Charlotte Hornets, endorsements",1931,Sports
568,William Koch,$1.6 B,United States,"oil, investments",1931,Energy
569,Robert Langer,$1.6 B,United States,biotech,1931,Healthcare
570,Catherine Lozick,$1.6 B,United States,valve manufacturing,1931,Manufacturing
571,Gary Magness,$1.6 B,United States,"cable TV, investments",1931,Media & Entertainment
572,David Paul,$1.6 B,United States,medical devices,1931,Healthcare
573,Nelson Peltz,$1.6 B,United States,investments,1931,Finance & Investments
574,Shen Hua & family,$1.6 B,United States,semiconductors,1931,Technology
575,Barry Silbert,$1.6 B,United States,cryptocurrency,1931,Finance & Investments
576,Peter Sperling,$1.6 B,United States,education,1931,Service
577,David Zalik,$1.6 B,United States,financial technology,1931,Technology
578,"Herbert Allen, Jr. & family",$1.5 B,United States,investment banking,2035,Finance & Investments
579,Ron Burkle,$1.5 B,United States,"supermarkets, investments",2035,Finance & Investments
580,Steve Case,$1.5 B,United States,AOL,2035,Technology
581,Safra Catz,$1.5 B,United States,software,2035,Technology
582,Bharat Desai,$1.5 B,United States,IT consulting,2035,Technology
583,Tim Draper,$1.5 B,United States,cryptocurrency,2035,Finance & Investments
584,John Farber,$1.5 B,United States,chemicals,2035,Manufacturing
585,John Foley,$1.5 B,United States,Peloton,2035,Technology
586,Alan Gerry,$1.5 B,United States,cable television,2035,Media & Entertainment
587,Bill Gross,$1.5 B,United States,investments,2035,Finance & Investments
588,Sue Gross,$1.5 B,United States,investments,2035,Finance & Investments
589,Seth Klarman,$1.5 B,United States,investments,2035,Finance & Investments
590,Gary Lauder,$1.5 B,United States,Est茅e Lauder,2035,Fashion & Retail
591,James Leininger,$1.5 B,United States,medical products,2035,Healthcare
592,Liu Xiucai & family,$1.5 B,United States,chemicals,2035,Manufacturing
593,Duncan MacMillan,$1.5 B,United States,Bloomberg LP,2035,Finance & Investments
594,George Marcus,$1.5 B,United States,real estate,2035,Real Estate
595,Billy Joe (Red) McCombs,$1.5 B,United States,"real estate, oil, cars, sports",2035,Diversified
596,Jerry Moyes,$1.5 B,United States,transportation,2035,Logistics
597,Mark Pincus,$1.5 B,United States,online games,2035,Technology
598,Michael Polsky,$1.5 B,United States,Electric power,2035,Energy
599,Matthew Roszak,$1.5 B,United States,cryptocurrency,2035,Finance & Investments
600,Fayez Sarofim,$1.5 B,United States,money management,2035,Finance & Investments
601,Ryan Smith,$1.5 B,United States,cloud computing,2035,Technology
602,August Troendle,$1.5 B,United States,pharmaceutical services,2035,Healthcare
603,Kenny Troutt,$1.5 B,United States,telecom,2035,Telecom
604,Clifford Asness,$1.4 B,United States,money management,2141,Finance & Investments
605,Louis Bacon,$1.4 B,United States,hedge funds,2141,Finance & Investments
606,Jim Crane,$1.4 B,United States,"logistics, baseball",2141,Sports
607,Darwin Deason,$1.4 B,United States,software,2141,Service
608,James Duff,$1.4 B,United States,"tires, diversified",2141,Diversified
609,Thomas Duff,$1.4 B,United States,"tires, diversified",2141,Diversified
610,Keith Dunleavy & family,$1.4 B,United States,health IT,2141,Healthcare
611,Lloyd Frink,$1.4 B,United States,Zillow,2141,Real Estate
612,Mimi Haas,$1.4 B,United States,Levi's jeans,2141,Fashion & Retail
613,Richard Hayne,$1.4 B,United States,Urban Outfitters,2141,Fashion & Retail
614,Timothy Headington,$1.4 B,United States,"oil & gas, investments",2141,Energy
615,Daniel Hirschfeld,$1.4 B,United States,fashion retail,2141,Fashion & Retail
616,Jay-Z,$1.4 B,United States,Multiple,2141,Media & Entertainment
617,Scott Kapnick,$1.4 B,United States,private equity,2141,Finance & Investments
618,Sidney Kimmel,$1.4 B,United States,retail,2141,Fashion & Retail
619,Theodore Leonsis,$1.4 B,United States,sports teams,2141,Sports
620,Trevor Milton,$1.4 B,United States,鈽?2141,Automotive,
621,John Ocampo,$1.4 B,United States,semiconductors,2141,Technology
622,Jonathan Oringer,$1.4 B,United States,stock photos,2141,Technology
623,Martin Selig,$1.4 B,United States,real estate,2141,Real Estate
624,Edward Stack,$1.4 B,United States,Dick's Sporting Goods,2141,Fashion & Retail
625,Thomas Steyer,$1.4 B,United States,hedge funds,2141,Finance & Investments
626,Jim Thompson,$1.4 B,United States,logistics,2141,Logistics
627,Jonathan Tisch,$1.4 B,United States,"insurance, NFL team",2141,Diversified
628,Wilma Tisch,$1.4 B,United States,diversified,2141,Finance & Investments
629,Jayshree Ullal,$1.4 B,United States,computer networking,2141,Technology
630,"Alfred West, Jr.",$1.4 B,United States,money management,2141,Finance & Investments
631,"Richard Yuengling, Jr.",$1.4 B,United States,beer,2141,Food & Beverage
632,Chris Britt,$1.3 B,United States,fintech,2263,Finance & Investments
633,Chuck Bundrant,$1.3 B,United States,fishing,2263,Food & Beverage
634,Tim Cook,$1.3 B,United States,Apple,2263,Technology
635,Egon Durban,$1.3 B,United States,private equity,2263,Finance & Investments
636,Feng Chenhui,$1.3 B,United States,Electronics,2263,Technology
637,John Goff,$1.3 B,United States,real estate,2263,Real Estate
638,Kenneth Hao,$1.3 B,United States,private equity,2263,Finance & Investments
639,Michael Krasny,$1.3 B,United States,retail,2263,Technology
640,Alan Miller & family,$1.3 B,United States,healthcare services,2263,Healthcare
641,Greg Mondre,$1.3 B,United States,private equity,2263,Finance & Investments
642,Bob Muglia,$1.3 B,United States,software,2263,Technology
643,Penny Sanford,$1.3 B,United States,real estate brokerage,2263,Real Estate
644,Jared Smith,$1.3 B,United States,cloud computing,2263,Technology
645,Tang Zhuang,$1.3 B,United States,electronics,2263,Technology
646,Farris Wilks,$1.3 B,United States,natural gas,2263,Energy
647,Whitney Wolfe Herd,$1.3 B,United States,dating app,2263,Technology
648,Patrick Zalupski,$1.3 B,United States,homebuilding,2263,Real Estate
649,Thomas Bailey,$1.2 B,United States,money management,2378,Finance & Investments
650,Ronald Clarke,$1.2 B,United States,payments technology,2378,Technology
651,Deng Hui & family,$1.2 B,United States,software,2378,Technology
652,Carl DeSantis,$1.2 B,United States,energy drink,2378,Food & Beverage
653,Wesley Edens,$1.2 B,United States,investments,2378,Finance & Investments
654,J. Christopher Flowers,$1.2 B,United States,investments,2378,Finance & Investments
655,Lawrence Golub,$1.2 B,United States,private equity,2378,Finance & Investments
656,Ryan Graves,$1.2 B,United States,uber,2378,Technology
657,Joe Lacob,$1.2 B,United States,Golden State Warriors,2378,Sports
658,Frederic Luddy,$1.2 B,United States,software,2378,Technology
659,Jorge Mas,$1.2 B,United States,Construction,2378,Construction & Engineering
660,Eren Ozmen,$1.2 B,United States,aerospace,2378,Manufacturing
661,Fatih Ozmen,$1.2 B,United States,aerospace,2378,Manufacturing
662,Chamath Palihapitiya,$1.2 B,United States,鈽?2378,Finance & Investments,
663,Michael Price,$1.2 B,United States,investments,2378,Finance & Investments
664,Duke Reyes,$1.2 B,United States,beer distribution,2378,Food & Beverage
665,Chris Sacca,$1.2 B,United States,venture capital investing,2378,Finance & Investments
666,James Scapa,$1.2 B,United States,software,2378,Technology
667,Mike Speiser,$1.2 B,United States,software,2378,Technology
668,Michael Steinhardt,$1.2 B,United States,hedge funds,2378,Finance & Investments
669,Laurie Tisch,$1.2 B,United States,"insurance, NFL team",2378,Diversified
670,Steven Tisch,$1.2 B,United States,insurance,2378,Diversified
671,Robert Toll,$1.2 B,United States,home building,2378,Real Estate
672,Thomas Tull,$1.2 B,United States,"movies, investments",2378,Media & Entertainment
673,John Bicket,$1.1 B,United States,sensor systems,2524,Technology
674,Sanjit Biswas,$1.1 B,United States,sensor systems,2524,Technology
675,Lloyd Blankfein,$1.1 B,United States,banking,2524,Finance & Investments
676,Ron Corio,$1.1 B,United States,solar,2524,Energy
677,Weili Dai,$1.1 B,United States,semiconductors,2524,Technology
678,Henry Davis,$1.1 B,United States,beef processing,2524,Food & Beverage
679,Paul Fireman,$1.1 B,United States,Reebok,2524,Fashion & Retail
680,Donald Friese,$1.1 B,United States,manufacturing,2524,Manufacturing
681,Anne Gittinger,$1.1 B,United States,Nordstrom department stores,2524,Fashion & Retail
682,David Golub,$1.1 B,United States,private equity,2524,Finance & Investments
683,Ming Hsieh,$1.1 B,United States,Fulgent Genetics,2524,Healthcare
684,Mitchell Jacobson,$1.1 B,United States,industrial equipment,2524,Service
685,Richard Kayne,$1.1 B,United States,investments,2524,Finance & Investments
686,Nancy Lerner,$1.1 B,United States,"banking, credit cards",2524,Finance & Investments
687,Norma Lerner,$1.1 B,United States,banking,2524,Finance & Investments
688,Randolph Lerner,$1.1 B,United States,"banking, credit cards",2524,Finance & Investments
689,Lou Boliang & family,$1.1 B,United States,pharmaceuticals,2524,Healthcare
690,"Cargill MacMillan, III.",$1.1 B,United States,Cargill,2524,Food & Beverage
691,John MacMillan,$1.1 B,United States,Cargill,2524,Food & Beverage
692,Martha MacMillan,$1.1 B,United States,Cargill,2524,Food & Beverage
693,William MacMillan,$1.1 B,United States,Cargill,2524,Food & Beverage
694,John Martin,$1.1 B,United States,pharmaceuticals,2524,Healthcare
695,John McConnell & family,$1.1 B,United States,steel,2524,Manufacturing
696,Bruce Nordstrom,$1.1 B,United States,Nordstrom department stores,2524,Fashion & Retail
697,Forrest Preston,$1.1 B,United States,health care,2524,Healthcare
698,Jack Schuler,$1.1 B,United States,pharmaceuticals,2524,Healthcare
699,Neerja Sethi,$1.1 B,United States,"IT consulting, outsourcing",2524,Technology
700,Michael S. Smith,$1.1 B,United States,liquefied natural gas,2524,Energy
701,Sehat Sutardja,$1.1 B,United States,semiconductors,2524,Technology
702,Carl Thoma,$1.1 B,United States,investments,2524,Finance & Investments
703,Dan Wilks,$1.1 B,United States,natural gas,2524,Energy
704,George Yancopoulos,$1.1 B,United States,pharmaceuticals,2524,Healthcare
705,Zhong Peifeng,$1.1 B,United States,semiconductor,2524,Telecom
706,A. Jayson Adair,$1 B,United States,damaged cars,2674,Automotive
707,Baiju Bhatt,$1 B,United States,stock trading app,2674,Finance & Investments
708,"Wilbur 'Ed' Bosarge, Jr.",$1 B,United States,high speed trading,2674,Finance & Investments
709,GT Dave,$1 B,United States,kombucha,2674,Food & Beverage
710,Larry Fink,$1 B,United States,money management,2674,Finance & Investments
711,Kim Kardashian West,$1 B,United States,"cosmetics, reality TV",2674,Fashion & Retail
712,David Katzman,$1 B,United States,teeth aligners,2674,Service
713,Bom Kim,$1 B,United States,online retailing,2674,Technology
714,George Pedersen,$1 B,United States,defense contractor,2674,Manufacturing
715,Tyler Perry,$1 B,United States,"movies, television",2674,Media & Entertainment
716,Hartley Rogers,$1 B,United States,asset management,2674,Finance & Investments
717,Scott Smith,$1 B,United States,cloud computing,2674,Technology
718,Axel Stawski,$1 B,United States,real estate,2674,Real Estate
719,Vlad Tenev,$1 B,United States,stock trading,2674,Finance & Investments
720,Vlad Vendrow & family,$1 B,United States,software,2674,Technology
721,J. Wayne Weaver,$1 B,United States,Shoes,2674,Diversified
722,Sandy Weill,$1 B,United States,Citigroup,2674,Finance & Investments
723,Yu De-Chao,$1 B,United States,pharmaceuticals,2674,Healthcare
